id,title,link,category,fetched,fetched_at,notes
1,"명사를 줄줄이 잇지 말고, 동사로 풀어 쓰자",https://blog.newswire.co.kr/?p=19136,sentence_style,FALSE,,
2,"습관처럼 쓰는 진행형, 당신의 기사를 흐리게 만든다",https://blog.newswire.co.kr/?p=19044,sentence_style,FALSE,,
3,"번역투 표현, 기사 문장을 어색하게 만드는 습관",https://blog.newswire.co.kr/?p=19012,sentence_style,FALSE,,
4,"접속어 중복, 기사 문장을 답답하게 만드는 연결어 줄이기",https://blog.newswire.co.kr/?p=18985,sentence_style,FALSE,,
5,기사 문장을 간결하게 만드는 동어 반복 줄이기,https://blog.newswire.co.kr/?p=18963,sentence_style,FALSE,,
6,"주술 동어 반복, 기사 문장을 단조롭게 만드는 표현 줄이기",https://blog.newswire.co.kr/?p=18939,sentence_style,FALSE,,
7,군더더기 표현 줄이면 기사 문장이 가벼워진다,https://blog.newswire.co.kr/?p=18883,sentence_style,FALSE,,
8,겹말을 줄이면 기사 문장이 간결해집니다,https://blog.newswire.co.kr/?p=18864,sentence_style,FALSE,,
9,"‘심화하다’와 ‘심화되다’, 주어를 보면 답이 보인다",https://blog.newswire.co.kr/?p=18813,sentence_style,FALSE,,
10,"‘통과했다’와 ‘통과됐다’, 무엇이 맞을까?",https://blog.newswire.co.kr/?p=18781,sentence_style,FALSE,,
11,‘출시한 제품’보다 ‘출시된 제품’이 자연스럽다,https://blog.newswire.co.kr/?p=18761,sentence_style,FALSE,,
12,좋은 기사 문장의 조건: 필수 성분을 빠뜨리지 마라,https://blog.newswire.co.kr/?p=18732,sentence_style,FALSE,,
13,같은 연결 어미 반복은 문장을 무겁게 만든다,https://blog.newswire.co.kr/?p=18692,sentence_style,FALSE,,
14,조사 하나만 줄여도 문장이 또렷해집니다,https://blog.newswire.co.kr/?p=18653,sentence_style,FALSE,,
15,"연결 어미, 주어를 맞추면 문장이 살아납니다",https://blog.newswire.co.kr/?p=18632,sentence_style,FALSE,,
16,‘-며’ vs ‘-면서’…자주 틀리는 연결 표현,https://blog.newswire.co.kr/?p=18576,common_mistakes,FALSE,,
17,인용 표현 –라고/ –라며 제대로 구별하기,https://blog.newswire.co.kr/?p=18548,quotes,FALSE,,
18,연결 어미는 뒤 서술어와 호응해야 합니다,https://blog.newswire.co.kr/?p=18513,sentence_style,FALSE,,
19,"문맥에 맞는 연결 어미, 기사의 완성도를 좌우",https://blog.newswire.co.kr/?p=18488,sentence_style,FALSE,,
20,헷갈리는 조사 ‘에·에서·에게’ 제대로 쓰기,https://blog.newswire.co.kr/?p=18453,sentence_style,FALSE,,
21,종속절의 주어에는 왜 ‘이/가’를 써야 할까,https://blog.newswire.co.kr/?p=18433,sentence_style,FALSE,,
22,‘은/는’과 ‘이/가’ 제대로 구별하기,https://blog.newswire.co.kr/?p=18394,sentence_style,FALSE,,
23,‘아무개와 통화에서’는 왜 어색할까,https://blog.newswire.co.kr/?p=18363,sentence_style,FALSE,,
24,‘제일 고층 빌딩’은 왜 어색할까,https://blog.newswire.co.kr/?p=18320,sentence_style,FALSE,,
25,보도자료 문장은 50자 이내로 써라,https://blog.newswire.co.kr/?p=18318,sentence_style,FALSE,,
26,‘예쁜 그녀의 코’로 보는 관형어 수식의 위험,https://blog.newswire.co.kr/?p=18293,sentence_style,FALSE,,
27,보도자료는 왜 한 페이지가 가장 적절할까,https://blog.newswire.co.kr/?p=18286,structure_format,FALSE,,
28,문장이 꼬일 땐 관형어를 의심하라,https://blog.newswire.co.kr/?p=18250,sentence_style,FALSE,,
29,보도자료 첫 문장은 왜 육하원칙을 따라야 할까,https://blog.newswire.co.kr/?p=18247,lede_structure,FALSE,,
30,꾸밈받는 말이 여러 개일 때 주의할 점,https://blog.newswire.co.kr/?p=18171,sentence_style,FALSE,,
31,수식어는 피수식어 앞에 둔다,https://blog.newswire.co.kr/?p=18146,sentence_style,FALSE,,
32,접속어 ‘와/과’ 사용 시 지켜야 할 호응의 원칙,https://blog.newswire.co.kr/?p=18106,sentence_style,FALSE,,
33,생략된 주어 따라가기,https://blog.newswire.co.kr/?p=18102,sentence_style,FALSE,,
34,앞뒤 절의 서술 형태를 일치시키자,https://blog.newswire.co.kr/?p=18060,sentence_style,FALSE,,
35,주어-서술어 불일치를 주의하자,https://blog.newswire.co.kr/?p=18037,sentence_style,FALSE,,
36,주어와 술어의 호응 관계를 살피자,https://blog.newswire.co.kr/?p=18003,sentence_style,FALSE,,
37,"단어, 구, 절의 나열을 바로잡자",https://blog.newswire.co.kr/?p=17956,sentence_style,FALSE,,
38,짝을 맞춰 써야 자연스럽다,https://blog.newswire.co.kr/?p=17935,sentence_style,FALSE,,
39,나열 순서를 지켜 기사의 완성도를 높여라,https://blog.newswire.co.kr/?p=17908,sentence_style,FALSE,,
40,‘X하다’와 ‘X를 하다’를 구분하라,https://blog.newswire.co.kr/?p=17891,sentence_style,FALSE,,
41,명사 나열어를 풀어 써라,https://blog.newswire.co.kr/?p=17860,sentence_style,FALSE,,
42,불필요한 진행형을 사용하지 말자,https://blog.newswire.co.kr/?p=17838,sentence_style,FALSE,,
43,차별하는 표현을 유의하자,https://blog.newswire.co.kr/?p=17803,sentence_style,FALSE,,
44,치우치지 않는 말을 사용하자,https://blog.newswire.co.kr/?p=17776,sentence_style,FALSE,,
45,오랫동안 잘못 쓰여온 말을 유의하자,https://blog.newswire.co.kr/?p=17757,sentence_style,FALSE,,
46,비슷하지만 다른 말을 유의하자,https://blog.newswire.co.kr/?p=17727,sentence_style,FALSE,,
47,기사에서 자주 틀리는 표현을 유의하자,https://blog.newswire.co.kr/?p=17693,common_mistakes,FALSE,,
48,남용되는 한자말은 우리 말로 고쳐 쓰자,https://blog.newswire.co.kr/?p=17672,sentence_style,FALSE,,
49,자연스러움을 갉아먹는 번역투 …우리말을 살리는 법,https://blog.newswire.co.kr/?p=17646,sentence_style,FALSE,,
50,"겹말, 중복, 군더더기를 없애자",https://blog.newswire.co.kr/?p=17622,sentence_style,FALSE,,
51,"능동, 피동을 구별하여 쓰자",https://blog.newswire.co.kr/?p=17599,sentence_style,FALSE,,
52,문장에서 필수 성분을 생략하지 말자,https://blog.newswire.co.kr/?p=17574,sentence_style,FALSE,,
53,같은 조사나 연결 어미의 반복은 피하자,https://blog.newswire.co.kr/?p=17545,sentence_style,FALSE,,
54,올바른 문장 구성을 위한 연결 어미 사용법,https://blog.newswire.co.kr/?p=17529,sentence_style,FALSE,,
55,상황에 어울리는 조사를 선택하자,https://blog.newswire.co.kr/?p=17515,sentence_style,FALSE,,
56,문장 내 나열 구조를 정확히 맞추자,https://blog.newswire.co.kr/?p=17487,sentence_style,FALSE,,
57,외국어는 한글로만 적는다,https://blog.newswire.co.kr/?p=17465,notation_rules,FALSE,,
58,한자어·일본식 표현은 쉬운 한글로 바꾼다,https://blog.newswire.co.kr/?p=17437,notation_rules,FALSE,,
59,"화폐 단위는 한글, 물리적 단위는 영문으로 표기한다",https://blog.newswire.co.kr/?p=17410,notation_rules,FALSE,,
60,숫자는 만 단위로 끊어 적는다,https://blog.newswire.co.kr/?p=17374,notation_rules,FALSE,,
61,약칭은 괄호로 병기한 후 반복 사용한다,https://blog.newswire.co.kr/?p=17341,notation_rules,FALSE,,
62,지명은 현지 발음으로 한글 표기한다,https://blog.newswire.co.kr/?p=17307,notation_rules,FALSE,,
63,외국인의 성과 이름은 그 나라에서 쓰는 차례대로 적는다,https://blog.newswire.co.kr/?p=17280,notation_rules,FALSE,,
64,브랜드 인지도 높이는 50가지 보도자료 아이디어,https://blog.newswire.co.kr/?p=17272,pr_strategy_ideas,FALSE,,
65,효과적인 보도자료 인용문 작성 원칙,https://blog.newswire.co.kr/?p=16906,quotes,FALSE,,
66,성공적인 보도자료를 위한 작성 가이드,https://blog.newswire.co.kr/?p=16521,sentence_style,FALSE,,
67,여름 휴가철 홍보 효과 극대화할 보도자료 주제 6가지,https://blog.newswire.co.kr/?p=16433,pr_strategy_ideas,FALSE,,
68,보도자료에 연락처 정보가 있어야 하는 이유,https://blog.newswire.co.kr/?p=16381,sentence_style,FALSE,,
69,눈길 사로잡는 뉴스 발표 전략,https://blog.newswire.co.kr/?p=16330,sentence_style,FALSE,,
70,뉴스 스타일 가이드 업그레이드,https://blog.newswire.co.kr/?p=16293,sentence_style,FALSE,,
71,누구나 쉽게 글을 쓸 수 있는 요령,https://blog.newswire.co.kr/?p=16263,writing_craft,FALSE,,
72,키워드를 활용한 보도자료 홍보 전략,https://blog.newswire.co.kr/?p=16246,pr_strategy_ideas,FALSE,,
73,뉴스 가치 높은 보도자료를 쉽게 쓰는 6가지 방법,https://blog.newswire.co.kr/?p=16119,sentence_style,FALSE,,
74,글 제목의 자모음 분리 현상 해결법,https://blog.newswire.co.kr/?p=15992,writing_craft,FALSE,,
75,보도자료 배포 시 자주 하는 실수,https://blog.newswire.co.kr/?p=15859,common_mistakes,FALSE,,
76,설 명절 발표할 보도자료 주제,https://blog.newswire.co.kr/?p=15823,pr_strategy_ideas,FALSE,,
77,글쓰기에서 수동형과 능동형 사용 구분법,https://blog.newswire.co.kr/?p=15753,writing_craft,FALSE,,
78,크리스마스 홍보 전략,https://blog.newswire.co.kr/?p=15599,pr_strategy_ideas,FALSE,,
79,블랙프라이데이 보도자료 작성 팁 7가지,https://blog.newswire.co.kr/?p=15510,pr_strategy_ideas,FALSE,,
80,AI와 인간의 글쓰기 능력의 차이점,https://blog.newswire.co.kr/?p=15347,writing_craft,FALSE,,
81,가을 보도자료 아이디어 15개,https://blog.newswire.co.kr/?p=15314,pr_strategy_ideas,FALSE,,
82,제휴 보도자료 작성 노하우 7가지,https://blog.newswire.co.kr/?p=15187,pr_by_type,FALSE,,
83,실적 발표 보도자료 작성 시 중요한 4가지,https://blog.newswire.co.kr/?p=14962,pr_by_type,FALSE,,
84,맞춤법 검사기 활용 시 주의할 점,https://blog.newswire.co.kr/?p=14720,spelling_spacing,FALSE,,
85,강력한 제목 작성 3가지 요령,https://blog.newswire.co.kr/?p=14499,headline,FALSE,,
86,보도자료 인용문 작성법을 읽어보세요.,https://blog.newswire.co.kr/?p=14440,quotes,FALSE,,
87,인사 뉴스 발표는 이렇게,https://blog.newswire.co.kr/?p=14268,pr_by_type,FALSE,,
88,홍보 담당자를 위한 글쓰기 노하우 8가지,https://blog.newswire.co.kr/?p=13649,writing_craft,FALSE,,
89,[맞춤법] ‘상(上)과 하(下)’의 띄어쓰기,https://blog.newswire.co.kr/?p=13168,spelling_spacing,FALSE,,
90,[맞춤법] ‘지’의 띄어쓰기,https://blog.newswire.co.kr/?p=13118,spelling_spacing,FALSE,,
91,[맞춤법] ‘바’의 띄어쓰기,https://blog.newswire.co.kr/?p=13106,spelling_spacing,FALSE,,
92,[맞춤법] ‘데’의 띄어쓰기,https://blog.newswire.co.kr/?p=13070,spelling_spacing,FALSE,,
93,[맞춤법] ‘씨’의 띄어쓰기,https://blog.newswire.co.kr/?p=13046,spelling_spacing,FALSE,,
94,[맞춤법] ‘만’의 띄어쓰기,https://blog.newswire.co.kr/?p=13017,spelling_spacing,FALSE,,
95,[맞춤법] ‘안되다’와 ‘안 되다’ 구분하기,https://blog.newswire.co.kr/?p=12988,spelling_spacing,FALSE,,
96,[맞춤법] ‘회의중’인가 ‘회의 중’인가,https://blog.newswire.co.kr/?p=12973,spelling_spacing,FALSE,,
97,[맞춤법] 숫자 표기의 띄어쓰기,https://blog.newswire.co.kr/?p=12959,spelling_spacing,FALSE,,
98,[맞춤법] ‘날씨가 개다’인가 ‘날씨가 개이다’인가,https://blog.newswire.co.kr/?p=12934,spelling_spacing,FALSE,,
99,[맞춤법] ‘하려고’인가 ‘할려고’인가,https://blog.newswire.co.kr/?p=12905,spelling_spacing,FALSE,,
100,효과적인 보도자료 작성 6단계,https://blog.newswire.co.kr/?p=12897,structure_format,FALSE,,
101,[맞춤법] ‘웃어른’인가 ‘윗어른’인가,https://blog.newswire.co.kr/?p=12891,spelling_spacing,FALSE,,
102,[맞춤법] ‘왠지’인가 ‘웬지’인가,https://blog.newswire.co.kr/?p=12867,spelling_spacing,FALSE,,
103,[맞춤법] ‘맞히다’와 ‘맞추다’ 구분하기,https://blog.newswire.co.kr/?p=12852,spelling_spacing,FALSE,,
104,[맞춤법] ‘멋장이’인가 ‘멋쟁이’인가,https://blog.newswire.co.kr/?p=12834,spelling_spacing,FALSE,,
105,[맞춤법] ‘빌다’와 ‘빌리다’ 구분하기,https://blog.newswire.co.kr/?p=12824,spelling_spacing,FALSE,,
106,[맞춤법] ‘다르다’인가 ‘틀리다’ 인가,https://blog.newswire.co.kr/?p=12806,spelling_spacing,FALSE,,
107,[맞춤법] ‘삼가해주세요’인가 ‘삼가 주세요’인가,https://blog.newswire.co.kr/?p=12789,spelling_spacing,FALSE,,
108,[맞춤법] ‘바람’인가 ‘바램’인가,https://blog.newswire.co.kr/?p=12772,spelling_spacing,FALSE,,
109,홍보 마케팅 글쓰기 비법 엄선한 ‘마케터의 문장’,https://blog.newswire.co.kr/?p=12751,writing_craft,FALSE,,
110,[맞춤법] ‘아니에요’인가 ‘아니예요’인가,https://blog.newswire.co.kr/?p=12746,spelling_spacing,FALSE,,
111,"[맞춤법]  ‘이에요’, ‘이어요’, ‘이예요’ 구분하기",https://blog.newswire.co.kr/?p=12696,spelling_spacing,FALSE,,
112,[맞춤법] ‘깨끗이’인가 ‘깨끗히’인가,https://blog.newswire.co.kr/?p=12668,spelling_spacing,FALSE,,
113,[맞춤법] ‘생각컨대’인가 ‘생각건대’인가,https://blog.newswire.co.kr/?p=12650,spelling_spacing,FALSE,,
114,[맞춤법] ‘담갔다’인가 ‘담궜다’인가,https://blog.newswire.co.kr/?p=12633,spelling_spacing,FALSE,,
115,[맞춤법] ‘며칠’인가 ‘몇 일’인가,https://blog.newswire.co.kr/?p=12603,spelling_spacing,FALSE,,
116,[맞춤법] ‘만듦’인가 ‘만듬’인가,https://blog.newswire.co.kr/?p=12586,spelling_spacing,FALSE,,
117,"[맞춤법] ‘설겆이, 반듯이’인가 ‘설거지, 반드시’인가?",https://blog.newswire.co.kr/?p=12567,spelling_spacing,FALSE,,
118,[맞춤법] ‘더욱이’와 ‘더우기’ 어떤 것이 맞나,https://blog.newswire.co.kr/?p=12548,spelling_spacing,FALSE,,
119,"[맞춤법] ‘있음/없음’인가, ‘있슴/없슴’인가?",https://blog.newswire.co.kr/?p=12532,spelling_spacing,FALSE,,
120,[맞춤법] ‘머지않아’와 ‘멀지 않아’ 구분하기,https://blog.newswire.co.kr/?p=12510,spelling_spacing,FALSE,,
121,[맞춤법] ‘회계 연도’인가 ‘회계 년도’인가,https://blog.newswire.co.kr/?p=12485,spelling_spacing,FALSE,,
122,24년 경력의 카피라이터가 말하는 글 잘 쓰는 법,https://blog.newswire.co.kr/?p=12473,writing_craft,FALSE,,
123,[맞춤법] ‘출석률’인가 ‘출석율’인가,https://blog.newswire.co.kr/?p=12465,spelling_spacing,FALSE,,
124,[맞춤법] ‘로서’와 ‘로써’ 구분하기,https://blog.newswire.co.kr/?p=12447,spelling_spacing,FALSE,,
125,[맞춤법] ‘채’와 ‘체’ 구분하기,https://blog.newswire.co.kr/?p=12414,spelling_spacing,FALSE,,
126,[맞춤법] ‘어떻게’와 ‘어떡해’ 구분하기,https://blog.newswire.co.kr/?p=12411,spelling_spacing,FALSE,,
127,"[맞춤법] ‘띠다’, ‘띄다’, ‘떼다’ 구분하기",https://blog.newswire.co.kr/?p=12372,spelling_spacing,FALSE,,
128,[맞춤법] ‘맞추다’와 ‘맞히다’ 구분하기,https://blog.newswire.co.kr/?p=12349,spelling_spacing,FALSE,,
129,"[맞춤법] ‘벌이다’와 벌리다’, ‘늘이다’와 ‘늘리다’의 구분",https://blog.newswire.co.kr/?p=12334,spelling_spacing,FALSE,,
130,[맞춤법] ‘부딪치다’와 ‘부딪히다’ 구분하기,https://blog.newswire.co.kr/?p=12317,spelling_spacing,FALSE,,
131,"[맞춤법] ‘받치다’, ‘받히다’, ‘바치다’ 구별하기",https://blog.newswire.co.kr/?p=12293,spelling_spacing,FALSE,,
132,[맞춤법] ‘부치다’와 ‘붙이다’를 구별하기,https://blog.newswire.co.kr/?p=12259,spelling_spacing,FALSE,,
133,[맞춤법] ‘그러다’와 ‘그렇다’ 구별하기,https://blog.newswire.co.kr/?p=12247,spelling_spacing,FALSE,,
134,[맞춤법] ‘말아라’와 ‘마라’ 어느 게 맞나,https://blog.newswire.co.kr/?p=12215,spelling_spacing,FALSE,,
135,[맞춤법] ‘는지’와 ‘런지’를 구별하기,https://blog.newswire.co.kr/?p=12190,spelling_spacing,FALSE,,
136,[맞춤법] ‘데’와 ‘대’를 구분하는 방법,https://blog.newswire.co.kr/?p=12164,spelling_spacing,FALSE,,
137,[맞춤법] ‘던’과 ‘든’을 구별하기,https://blog.newswire.co.kr/?p=12135,spelling_spacing,FALSE,,
138,[맞춤법] ‘잇달다’ 와 ‘잇따르다’ 어느 게 맞나,https://blog.newswire.co.kr/?p=12117,spelling_spacing,FALSE,,
139,[맞춤법] ‘할게’와 ‘할께’ 어느 게 맞나,https://blog.newswire.co.kr/?p=12038,spelling_spacing,FALSE,,
140,[맞춤법] ‘되’와 ‘돼’를 구별하기,https://blog.newswire.co.kr/?p=12033,spelling_spacing,FALSE,,
141,[맞춤법] 사이시옷(ㅅ) 넣기,https://blog.newswire.co.kr/?p=11969,spelling_spacing,FALSE,,
142,[맞춤법] ‘안’과 ‘않’의 구별,https://blog.newswire.co.kr/?p=11669,spelling_spacing,FALSE,,
143,뉴스 작성 순서,https://blog.newswire.co.kr/?p=11376,sentence_style,FALSE,,
144,보도자료 작성 시 자주 틀리는 표기법,https://blog.newswire.co.kr/?p=11258,common_mistakes,FALSE,,
145,독자의 시선을 사로잡는 보도자료 제목 작성 노하우,https://blog.newswire.co.kr/?p=11155,headline,FALSE,,
146,많이 틀리는 맞춤법 10가지,https://blog.newswire.co.kr/?p=10803,spelling_spacing,FALSE,,
147,좋은 글을 위한 글쓰기 습관 4가지,https://blog.newswire.co.kr/?p=10755,writing_craft,FALSE,,
148,실수하기 쉬운 띄어쓰기 25가지,https://blog.newswire.co.kr/?p=10725,spelling_spacing,FALSE,,
149,실적 발표 보도자료 핵심 요소 6가지,https://blog.newswire.co.kr/?p=10705,structure_format,FALSE,,
150,글쓰기에 도움이 되는 책 6가지 추천,https://blog.newswire.co.kr/?p=9469,writing_craft,FALSE,,
151,창의적 글쓰기 연습방법 6가지,https://blog.newswire.co.kr/?p=9229,writing_craft,FALSE,,
152,보도자료 주제 61가지 아이디어,https://blog.newswire.co.kr/?p=8964,pr_strategy_ideas,FALSE,,
153,뉴스 작성법,https://blog.newswire.co.kr/?p=8730,sentence_style,FALSE,,
154,AI가 글쓰기·콘텐츠 소비 분야에 불러올 6가지 변화,https://blog.newswire.co.kr/?p=8616,writing_craft,FALSE,,
155,2018 러시아 월드컵 보도자료 아이디어,https://blog.newswire.co.kr/?p=8516,pr_strategy_ideas,FALSE,,
156,병원 보도자료  20개 유형과 사례,https://blog.newswire.co.kr/?p=8260,pr_strategy_ideas,FALSE,,
157,홍보대사 보도자료 발표 전략,https://blog.newswire.co.kr/?p=8142,pr_strategy_ideas,FALSE,,
158,중소기업의 보도자료 단골 주제 6가지,https://blog.newswire.co.kr/?p=7848,pr_strategy_ideas,FALSE,,
159,크리스마스 보도자료 5가지 유형과 사례,https://blog.newswire.co.kr/?p=7734,pr_strategy_ideas,FALSE,,
160,행사 보도자료 작성 방법과 보도자료 배포 3가지 타이밍,https://blog.newswire.co.kr/?p=7609,pr_by_type,FALSE,,
161,보도자료 제목 뽑는 6가지 요령,https://blog.newswire.co.kr/?p=7418,headline,FALSE,,
162,설득력 있는 카피 작성 요령 3가지,https://blog.newswire.co.kr/?p=7387,writing_craft,FALSE,,
163,설립 보도자료 작성 요령과 우수 사례,https://blog.newswire.co.kr/?p=7155,pr_by_type,FALSE,,
164,사업계획 보도자료 작성 요령과 우수 사례,https://blog.newswire.co.kr/?p=7085,pr_by_type,FALSE,,
165,글쓰기 유형 4가지,https://blog.newswire.co.kr/?p=6922,writing_craft,FALSE,,
166,"정부 보도자료, 한자어 투성이고 너무 길다",https://blog.newswire.co.kr/?p=4942,notation_rules,FALSE,,
167,보도자료 제목 잘 쓰는 방법 4가지,https://blog.newswire.co.kr/?p=4877,headline,FALSE,,
168,영작을 잘 하기 위한 구글 검색 방법 6가지,https://blog.newswire.co.kr/?p=4848,sentence_style,FALSE,,
169,카피 쓸 때 반드시 피해야 할 8가지,https://blog.newswire.co.kr/?p=4791,common_mistakes,FALSE,,
170,킬러 콘텐츠 ‘보도자료’ 작성하는 5가지 노하우,https://blog.newswire.co.kr/?p=4668,sentence_style,FALSE,,
171,좋은 영문 보도자료 작성의 7가지 요점,https://blog.newswire.co.kr/?p=4640,sentence_style,FALSE,,
172,보도자료를 쉽게 쓰는 요령 7개,https://blog.newswire.co.kr/?p=4603,sentence_style,FALSE,,
173,보도자료 쓸 때 흔히 틀리는 맞춤법 10가지,https://blog.newswire.co.kr/?p=4497,spelling_spacing,FALSE,,
174,보도자료에 신뢰감을 주는 5가지 요소,https://blog.newswire.co.kr/?p=4419,sentence_style,FALSE,,
175,사례로 보는 보도자료 제목 쓰기 5가지 요령,https://blog.newswire.co.kr/?p=4226,sentence_style,FALSE,,
176,인사 보도자료 작성 5가지 노하우,https://blog.newswire.co.kr/?p=3902,pr_by_type,FALSE,,
177,제휴 보도자료 작성 8단계,https://blog.newswire.co.kr/?p=3889,structure_format,FALSE,,
178,좋은 보도자료 제목 작성 9가지 노하우,https://blog.newswire.co.kr/?p=3850,headline,FALSE,,
179,전시회 참가기업이 보도자료 작성 시 알아야 할 5가지,https://blog.newswire.co.kr/?p=3779,pr_strategy_ideas,FALSE,,
180,기사 작성 시 실수하기 쉬운 문법 10가지,https://blog.newswire.co.kr/?p=3659,common_mistakes,FALSE,,
181,보도자료 작성 시 피해야 할 6가지,https://blog.newswire.co.kr/?p=3534,common_mistakes,FALSE,,
182,보도자료 전문용어 쉽게 풀어쓰기 5단계,https://blog.newswire.co.kr/?p=3407,sentence_style,FALSE,,
183,기자가 좋아하는 보도자료 쓰는 8가지 요령,https://blog.newswire.co.kr/?p=3370,media_assets,FALSE,,
184,실적 발표 보도자료 작성법 8가지,https://blog.newswire.co.kr/?p=3340,pr_by_type,FALSE,,
185,클릭하고 싶은 이메일 제목 쓰는 6가지 방법,https://blog.newswire.co.kr/?p=3285,headline,FALSE,,
186,보도자료도 첫인상이 중요하다…첫문장 15가지 유형,https://blog.newswire.co.kr/?p=3061,lede_structure,FALSE,,
187,보도자료에 힘을 싣는 인용문 쓰는 8가지 방법,https://blog.newswire.co.kr/?p=3031,quotes,FALSE,,
188,뛰어난 보도자료 작성자들이 가지고 있는 5가지 공통점,https://blog.newswire.co.kr/?p=3019,sentence_style,FALSE,,
189,좋은 보도자료 작성요령 4가지,https://blog.newswire.co.kr/?p=3014,sentence_style,FALSE,,
190,보도자료는 뉴스 앵글이 뚜렷해야,https://blog.newswire.co.kr/?p=2906,structure_format,FALSE,,
191,신상품 출시 보도자료 작성 요령 5가지,https://blog.newswire.co.kr/?p=2794,pr_by_type,FALSE,,
192,보도자료 작성 시 저지르기 쉬운 실수 7가지,https://blog.newswire.co.kr/?p=2752,sentence_style,FALSE,,
193,눈길을 사로잡는 보도자료를 작성하는 7가지 방법,https://blog.newswire.co.kr/?p=2732,sentence_style,FALSE,,
194,제품에 대한 올바른 이해가 보도자료 작성의 출발점,https://blog.newswire.co.kr/?p=2693,sentence_style,FALSE,,
195,기자가 싫어하는 보도자료 유형 7가지,https://blog.newswire.co.kr/?p=2677,common_mistakes,FALSE,,
196,글의 가독성을 높이는 8가지 방법,https://blog.newswire.co.kr/?p=2651,writing_craft,FALSE,,
197,쉽게 글을 쓰는 10가지 방법,https://blog.newswire.co.kr/?p=2641,writing_craft,FALSE,,
198,세계 최고 작가 17명의 글 잘 쓰는 법,https://blog.newswire.co.kr/?p=2617,writing_craft,FALSE,,
199,뉴스 거리가 되는 보도자료 유형 30가지,https://blog.newswire.co.kr/?p=1179,sentence_style,FALSE,,
200,간단명료한 보도자료 쓰는 8가지 방법,https://blog.newswire.co.kr/?p=2474,sentence_style,FALSE,,
201,유홍준의 글쓰기 요령 15가지,https://blog.newswire.co.kr/?p=2457,writing_craft,FALSE,,
202,글 잘 쓰는 방법 10가지,https://blog.newswire.co.kr/?p=2318,writing_craft,FALSE,,
203,효과적인 입소문 마케팅을 위한 보도자료 작성법,https://blog.newswire.co.kr/?p=2197,pr_strategy_ideas,FALSE,,
204,진정성을 느끼게 하는 보도자료 작성 요령,https://blog.newswire.co.kr/?p=2074,sentence_style,FALSE,,
205,검색엔진에 잘 검색되는 보도자료 양식,https://blog.newswire.co.kr/?p=1973,structure_format,FALSE,,
206,보도자료 첫문장(리드) 작성법 10가지,https://blog.newswire.co.kr/?p=1872,lede_structure,FALSE,,
207,수상/선정 보도자료 작성법 10가지,https://blog.newswire.co.kr/?p=1818,pr_by_type,FALSE,,
208,보도자료용 사진 촬영 및 배포 팁 10가지,https://blog.newswire.co.kr/?p=1786,media_assets,FALSE,,
209,사회공헌 보도자료 작성법 6가지,https://blog.newswire.co.kr/?p=1761,pr_by_type,FALSE,,
210,참가자에게 어필하는 행사 보도자료 작성요령 10가지,https://blog.newswire.co.kr/?p=1721,pr_by_type,FALSE,,
211,피처스토리 형식 보도자료 작성팁 3가지,https://blog.newswire.co.kr/?p=1594,pr_by_type,FALSE,,
212,보도자료용 인포그래픽을 잘 만드는 10가지 방법,https://blog.newswire.co.kr/?p=1520,media_assets,FALSE,,
213,보도자료 회사 소개 작성 사례 10개,https://blog.newswire.co.kr/?p=1384,structure_format,FALSE,,
214,보도자료 작성 때 주의할 표기법과 용어,https://blog.newswire.co.kr/?p=1242,sentence_style,FALSE,,
215,보도자료의 4가지 핵심 요소,https://blog.newswire.co.kr/?p=957,structure_format,FALSE,,
216,보도자료 양식 맨 끝에 ‘회사 소개’를 반드시 붙이자,https://blog.newswire.co.kr/?p=511,structure_format,FALSE,,
217,방송 보도자료 작성 기준 19가지,https://blog.newswire.co.kr/?p=815,pr_by_type,FALSE,,
218,뉴스와이어가 뽑은 좋은 보도자료 제목 50선,https://blog.newswire.co.kr/?p=753,sentence_style,FALSE,,
219,좋은 보도자료 제목의 공통점 3가지,https://blog.newswire.co.kr/?p=498,headline,FALSE,,
220,성공적인 보도자료 작성법 15가지,https://blog.newswire.co.kr/?p=642,sentence_style,FALSE,,
221,보도자료 작성 요령: 역(逆)피라미드 형식으로 작성하라,https://blog.newswire.co.kr/?p=506,structure_format,FALSE,,
222,예외 현상은 좋은 보도자료 작성거리다,https://blog.newswire.co.kr/?p=568,sentence_style,FALSE,,
223,보도자료 작성 시 서술어 표현에 주의하세요,https://blog.newswire.co.kr/?p=549,sentence_style,FALSE,,
224,초등학생이 쓴 보도자료,https://blog.newswire.co.kr/?p=535,sentence_style,FALSE,,
225,트렌드와 솔루션을 알려주는 소프트 뉴스,https://blog.newswire.co.kr/?p=530,sentence_style,FALSE,,
226,보도자료에 검색 키워드를 넣어라,https://blog.newswire.co.kr/?p=522,structure_format,FALSE,,
227,보도자료 제목 작성 10가지 체크포인트,https://blog.newswire.co.kr/?p=316,headline,FALSE,,
228,보도자료 잘 쓰는 요령을 알려드립니다,https://blog.newswire.co.kr/?p=188,sentence_style,FALSE,,
229,보도자료 제목작성 노하우,https://blog.newswire.co.kr/?p=61,headline,FALSE,,
230,“보도자료도 기사처럼 역(逆)피라미드 형식으로 작성하라”,https://blog.newswire.co.kr/?p=55,structure_format,FALSE,,
231,보도자료 밑에 ‘회사 소개’를 반드시 붙이자,https://blog.newswire.co.kr/?p=49,structure_format,FALSE,,
232,보도자료 작성법,https://blog.newswire.co.kr/?p=36,sentence_style,FALSE,,
233,보도자료에 검색 키워드를 넣어라,https://blog.newswire.co.kr/?p=8,structure_format,FALSE,,
